{
    "Eye": [200, 200, 1000],
    "Lights": [
        {
            "position": [-200, 600, 1500],
            "color": [1.0, 1.0, 1.0]
        }
    ],
    "Objects": [
        {
            "type": "mesh",
            "model": "../Models/cat.obj",
            "scale": 60,
            "x": 300,
            "y": 300,
            "z": 100,
            "material":
            {
                "color": [0.0, 0.0, 1.0],
                "ka": 0.2,
                "kd": 0.7,
                "ks": 0.5,
                "n": 64
            }
        }
    ]
}
